keroml_id,mixture_id,mixture_name,cetane_number_val,cn_less_branch,cn_mean,cn_more_branch,cn_expected,iso_branch_proxy
KERO_TRDS_A0_000000,CHTA_MXTR_A0_00245,POSF 3895 (JP-8),,50.06594397934845,48.15116032105383,45.99799886016194,48.09156587040451,0.44696282863071923
KERO_TRDS_A0_000001,CHTA_MXTR_A0_00246,POSF 3896 (JP-8),,44.45868200366274,42.39963716052873,40.67925925415501,42.484303894718806,0.2723772858412945
KERO_TRDS_A0_000002,CHTA_MXTR_A0_00247,POSF 3897 (JP-8),,50.527729385221654,48.60880837771016,46.4680589644689,48.553351276277716,0.441955789768937
KERO_TRDS_A0_000003,CHTA_MXTR_A0_00248,POSF 3898 (JP-8),,44.20192306435202,42.25158210941538,40.20509253844957,42.22754495540809,0.40393122632353107
KERO_TRDS_A0_000004,CHTA_MXTR_A0_00249,POSF 3899 (JET A),,47.35655552539363,45.54835467543702,43.07544478953112,45.38217741644969,0.5759498286087671
KERO_TRDS_A0_000005,CHTA_MXTR_A0_00250,POSF 3900 (JP-8),,49.633223074840174,47.64541224726785,45.71133229420908,47.65884496589624,0.35858501583986024
KERO_TRDS_A0_000006,CHTA_MXTR_A0_00251,POSF 3901 (JET A),,46.11582670563506,44.27859157406709,41.89278453299524,44.14144859669113,0.5408124087944094
KERO_TRDS_A0_000007,CHTA_MXTR_A0_00252,POSF 3902 (JP-8),,50.22215117170072,48.247839847717856,46.27326138389071,48.247773062756785,0.37492217655413634
KERO_TRDS_A0_000008,CHTA_MXTR_A0_00253,POSF 3938 (JP-8),,51.42895899055956,49.49096032779875,47.40744388030542,49.45458088161563,0.41886792451565674
KERO_TRDS_A0_000009,CHTA_MXTR_A0_00254,POSF 3939 (JP-5),,40.54485397789589,38.71302372548986,36.31100204693221,38.57047586895195,0.5473534181674274
KERO_TRDS_A0_000010,CHTA_MXTR_A0_00255,POSF 3940 (JP-5),,46.68381619764791,44.83219845401976,42.48953924912846,44.70943808870397,0.5234065061876008
KERO_TRDS_A0_000011,CHTA_MXTR_A0_00256,POSF 3941 (JET A-1),,49.23978887773389,47.18569377256786,45.450466652290224,47.26541076878996,0.2783674812688897
KERO_TRDS_A0_000012,CHTA_MXTR_A0_00257,POSF 3960 (JET A),,46.46464604888719,44.545135890147236,42.406153930591344,44.49026793994325,0.44124279626954416
KERO_TRDS_A0_000013,CHTA_MXTR_A0_00258,POSF 3961 (JET A),,37.80647285790562,35.81530653569081,33.891293066559506,35.83209474896169,0.35452418094419375
KERO_TRDS_A0_000014,CHTA_MXTR_A0_00259,POSF 3962 (JET A),,45.36095267886262,43.47953117749528,41.22628324582154,43.38657456991868,0.4873378628595067
KERO_TRDS_A0_000015,CHTA_MXTR_A0_00260,POSF 3963 (JET A-1),,48.07945702619171,45.98854289169528,44.36377285940883,46.10507891724778,0.23380892431690423
KERO_TRDS_A0_000016,CHTA_MXTR_A0_00261,POSF 3964 (JET A),,45.49651420560073,43.54045265632081,41.51112486838485,43.5221360966568,0.3970081370004261
KERO_TRDS_A0_000017,CHTA_MXTR_A0_00262,POSF 3965 (JET A-1),,48.98024839006931,46.97159385512067,45.10004502419086,47.00587028112538,0.3333598662607115
KERO_TRDS_A0_000018,CHTA_MXTR_A0_00263,POSF 3966 (JET A-1),,47.787710609656266,45.759946994467754,43.945725404257544,45.813332500712335,0.3102339703407667
KERO_TRDS_A0_000019,CHTA_MXTR_A0_00264,POSF 3967 (JET A-1),,46.960295160403426,44.93780713818778,43.10775876905897,44.98591705145949,0.31661851697906795
KERO_TRDS_A0_000020,CHTA_MXTR_A0_00265,POSF 3968 (JP-8),,47.826073417700314,45.83505370749241,43.91060040234038,45.851695308756376,0.354701611462557
KERO_TRDS_A0_000021,CHTA_MXTR_A0_00266,POSF 3969 (JET A-1),,49.55407893806475,47.51209282230217,45.74053873381416,47.57970082912081,0.29302183538353105
KERO_TRDS_A0_000022,CHTA_MXTR_A0_00267,POSF 3970 (JP-8),,47.05953291112437,45.124460757722204,43.03216478215297,45.08515480218043,0.42240959946740997
KERO_TRDS_A0_000023,CHTA_MXTR_A0_00268,POSF 3971 (TS-1),,46.37868017837897,44.33604358674768,42.56644092586582,44.40430206943503,0.2922346265252503
KERO_TRDS_A0_000024,CHTA_MXTR_A0_00269,POSF 4108 (JET A),,44.6221322797361,42.68131154041803,40.606261322596495,42.64775417079217,0.41545263461566084
KERO_TRDS_A0_000025,CHTA_MXTR_A0_00270,POSF 4109 (JET A),,46.87124162397009,44.98707741987193,42.74205759639067,44.896863515026155,0.48401863152569785
KERO_TRDS_A0_000026,CHTA_MXTR_A0_00271,POSF 4110 (JET A),,48.109247383595275,46.12232776270465,44.18557418960078,46.13486927465134,0.35966355822418483
KERO_TRDS_A0_000027,CHTA_MXTR_A0_00272,POSF 4111 (JET A),,44.43701257284092,42.50064640605087,40.41223247064528,42.46263446389698,0.42084357857307186
KERO_TRDS_A0_000028,CHTA_MXTR_A0_00273,POSF 4152 (JET A-1),,50.52601290489971,48.47355453709713,46.733417204729136,48.55163479595578,0.28034826827906356
KERO_TRDS_A0_000029,CHTA_MXTR_A0_00274,POSF 4153 (JET A-1),,47.043302393734095,44.82206322521828,43.58826829498998,45.06892428479016,0.07608897470845223
KERO_TRDS_A0_000030,CHTA_MXTR_A0_00275,POSF 4154 (JET A-1),,52.36717822797233,50.287695016897366,48.62863221434651,50.392800119028394,0.2476426798925512
KERO_TRDS_A0_000031,CHTA_MXTR_A0_00276,POSF 4155 (JET A-1),,49.4931943982079,47.480162172902105,45.62174641304374,47.51881628926397,0.3280619654565737
KERO_TRDS_A0_000032,CHTA_MXTR_A0_00277,POSF 4156 (JET A-1),,48.44060620712307,46.33952802395857,44.745250137676315,46.46622809817914,0.22150834633657063
KERO_TRDS_A0_000033,CHTA_MXTR_A0_00278,POSF 4158 (Semi-synthetic jet fuel),,47.10452833611825,45.02613985792726,43.363792856724494,45.13015022717432,0.2489675306136256
KERO_TRDS_A0_000034,CHTA_MXTR_A0_00279,POSF 4159 (JET A-1),,46.68294705526872,44.45670765988193,43.237913410266565,44.70856894632479,0.0700376773805402
KERO_TRDS_A0_000035,CHTA_MXTR_A0_00280,POSF 4195 (JP-8),,46.25736569894091,44.4089983343763,42.056587992294396,44.28298758999698,0.527340129730971
KERO_TRDS_A0_000036,CHTA_MXTR_A0_00281,POSF 4197 (JET A-1),,47.01499857573256,45.0034193088266,43.14064467376874,45.040620466788624,0.32982034232812907
KERO_TRDS_A0_000037,CHTA_MXTR_A0_00282,POSF 4198 (JET A-1),,45.13935087415037,43.08396785450042,41.35260447767451,43.16497276520643,0.276808841295914
KERO_TRDS_A0_000038,CHTA_MXTR_A0_00283,POSF 4324 (JET A-1),,49.89476462412657,47.880876069813326,46.02502929697734,47.92038651518264,0.3270256321924298
KERO_TRDS_A0_000039,CHTA_MXTR_A0_00284,POSF 4325 (JET A),,45.93326422799443,44.00219190996782,41.89789642827191,43.95888611905049,0.4272502184522556
KERO_TRDS_A0_000040,CHTA_MXTR_A0_00285,POSF 4326 (JET A),,46.955768975872495,45.02551290101943,42.91876868980289,44.981390866928564,0.4282380396576634
KERO_TRDS_A0_000041,CHTA_MXTR_A0_00286,POSF 4327 (JET A-1),,44.99944020718753,43.111917520797476,40.87697314419189,43.025062098243595,0.4799541809631177
KERO_TRDS_A0_000042,CHTA_MXTR_A0_00287,POSF 4363 (JET A-1),,50.83132418768336,48.79763782759704,47.00118447208024,48.85694607873942,0.3030662374960844
KERO_TRDS_A0_000043,CHTA_MXTR_A0_00288,POSF 4364 (JET A-1),,46.03299017217725,44.1388916039322,41.923674872891596,44.05861206323331,0.47199601879876957
KERO_TRDS_A0_000044,CHTA_MXTR_A0_00289,POSF 4365 (JET A),,51.876945560817184,49.86928383062705,47.99475658542172,49.90256745187325,0.3345613631002163
KERO_TRDS_A0_000045,CHTA_MXTR_A0_00290,POSF 4366 (JET A-1),,48.02253407278651,46.14954354017714,43.87100270222951,46.048155963842575,0.49754105964101597
KERO_TRDS_A0_000046,CHTA_MXTR_A0_00291,POSF 4368 (JET A-1),,48.97092052964673,46.83741123115963,45.3404266908452,46.996542420702795,0.18226006289728186
KERO_TRDS_A0_000047,CHTA_MXTR_A0_00292,POSF 4369 (JET A-1),,46.603579592135425,44.53243001709973,42.84836630643108,44.62920148319149,0.25772808417468157
KERO_TRDS_A0_000048,CHTA_MXTR_A0_00293,POSF 4370 (JET A-1),,45.618761419998165,43.722405778961864,41.51396026629504,43.644383311054234,0.4692644990291525
KERO_TRDS_A0_000049,CHTA_MXTR_A0_00294,POSF 4371 (JET A-1),,52.427500501031524,50.41382070543425,48.55734765645034,50.453122392087586,0.32727827294108913
KERO_TRDS_A0_000050,CHTA_MXTR_A0_00295,POSF 4384 (JET A-1),,51.51831628748476,49.549510987309894,47.55841445205875,49.54393817854082,0.38158559163839134
KERO_TRDS_A0_000051,CHTA_MXTR_A0_00296,POSF 4385 (JET A-1),,49.92042912081784,47.86017952908541,46.14341586850697,47.946051011873905,0.27091929360162903
KERO_TRDS_A0_000052,CHTA_MXTR_A0_00297,POSF 4386 (JET A-1),,41.46079301149061,39.533100947011576,37.418664704672935,39.48641490254667,0.431341016687602
KERO_TRDS_A0_000053,CHTA_MXTR_A0_00298,POSF 4433 (JET A-1),,40.25620024650217,38.20956384533683,36.451960613057096,38.28182213755824,0.2873940388139243
KERO_TRDS_A0_000054,CHTA_MXTR_A0_00299,POSF 4461 (JET A-1),,49.13090411728202,47.070172970075916,45.35485397591849,47.15652600833809,0.27033651297461786
KERO_TRDS_A0_000055,CHTA_MXTR_A0_00300,POSF 10264 (JP-8),48.8,52.9958777932366,50.97323465946404,49.143651625005994,51.021499684292664,0.3164308002665792
KERO_TRDS_A0_000056,CHTA_MXTR_A0_00301,POSF 10325 (Jet A),48.3,48.6067303287217,46.67061058960705,44.58145737117526,46.63235221977777,0.4211418064679567
KERO_TRDS_A0_000057,CHTA_MXTR_A0_00302,POSF 10289 (JP-5),39.2,41.044263573409644,39.22078881392062,36.79370065661195,39.069885464465706,0.5574652737425263
KERO_TRDS_A0_000058,CHTA_MXTR_A0_00303,POSF 11498 (ATJ SPK),,22.39893221571883,20.27928439168786,18.74071542800503,20.424554106774895,0.19903528240265395
KERO_TRDS_A0_000059,CHTA_MXTR_A0_00304,POSF 13349 (SAK),,10.596179830904088,8.358402789879811,7.1742214771769,8.621801721960153,0.05607476609310858
KERO_TRDS_A0_000060,CHTA_MXTR_A0_00305,POSF 13350 (SAK),,7.136299888135152,4.894203487490039,3.722980253649639,5.161921779191217,0.05084745741166333
KERO_TRDS_A0_000061,CHTA_MXTR_A0_00307,POSF 12223 (),50.4,52.397255734514076,50.86681448451458,47.560625798737334,50.422877625570145,0.912095761261921
KERO_TRDS_A0_000062,CHTA_MXTR_A0_00473,POSF 10279-2,,44.060994484977705,42.002542154798675,40.28038670956002,42.08661637603377,0.27309434771743507
KERO_TRDS_A0_000063,CHTA_MXTR_A0_00474,POSF 12344,,41.39483275928194,39.214124171967235,37.85873749813561,39.420454650338,0.12513926863501693
KERO_TRDS_A0_000064,CHTA_MXTR_A0_00475,POSF 12345,39.6,44.04406101727903,41.760141254317546,40.71438810742626,42.069682908335096,0.00023263389269996524
KERO_TRDS_A0_000065,CHTA_MXTR_A0_00476,POSF 10376,,40.09814327846628,38.3114245358759,35.77406832787129,38.12376516952234,0.6019475727626807
KERO_TRDS_A0_000066,CHTA_MXTR_A0_00477,POSF 12341,,50.48197929836552,48.92564220605162,45.6971410472176,48.50760118942159,0.8807564949756811
KERO_TRDS_A0_000067,CHTA_MXTR_A0_00478,POSF 12925,,34.08458827071128,32.29846941270441,29.759313550949276,32.11021016176734,0.6026735558172306
KERO_TRDS_A0_000068,CHTA_MXTR_A0_00479,POSF 12923,,40.872938760279446,39.00497752284408,36.71134879937444,38.89856065133551,0.5036275355616103
KERO_TRDS_A0_000069,CHTA_MXTR_A0_00480,POSF 12933,,59.77068605036628,57.9593133885552,55.495918938212704,57.79630794142234,0.5721112874595703
KERO_TRDS_A0_000070,CHTA_MXTR_A0_00481,POSF 7504,,12.32473896672809,10.139803606852105,8.797097250704317,10.350360857784155,0.12002400923464503
KERO_TRDS_A0_000071,CHTA_MXTR_A0_00482,POSF 8092,,30.258575618598034,28.12917392603525,26.619866567947856,28.284197509654096,0.18723110629097847
KERO_TRDS_A0_000072,CHTA_MXTR_A0_00483,POSF 8438,,13.462874749770855,11.323952815820256,9.843206181896308,11.488496640826918,0.17570966681279515
KERO_TRDS_A0_000073,CHTA_MXTR_A0_00484,POSF 9641,,35.253202501180915,33.14502514414082,31.572044779485378,33.27882439223698,0.2129168937860534
KERO_TRDS_A0_000074,CHTA_MXTR_A0_00485,POSF 4658,45.3,46.57480727163211,44.70064395514028,42.42562146884003,44.60042916268818,0.49612175124616303
KERO_TRDS_A0_000075,CHTA_MXTR_A0_00486,POSF 5699,49.3,50.589756859087,48.60838763894509,46.654982863595066,48.615378750143066,0.36638067848416517
KERO_TRDS_A0_000076,CHTA_MXTR_A0_00487,POSF 6169,47.3,49.30040126049316,47.342949469229154,45.31779240724544,47.32602315154923,0.39532565982078627
KERO_TRDS_A0_000077,CHTA_MXTR_A0_00488,POSF 4751,45.9,48.30002796878435,46.384192904586214,44.23418566140489,46.32564985984042,0.4456904124186788
KERO_TRDS_A0_000078,CHTA_MXTR_A0_00489,POSF 4177,,43.441232627387315,41.51104763467295,39.4040901770403,41.46685451844338,0.42832406358559255
KERO_TRDS_A0_000079,CHTA_MXTR_A0_00490,POSF 3773,,48.08023868869941,46.07795872390397,44.18728618251456,46.10586057975548,0.3410744000868726
KERO_TRDS_A0_000080,CHTA_MXTR_A0_00308,POSF 12402 (No. 3 Jet),,46.074669766854676,44.02709997204849,42.27229692069131,44.10029165791074,0.2862644415795351
KERO_TRDS_A0_000081,CHTA_MXTR_A0_00309,POSF 11769 (Jet A),,43.767777180723144,41.78839167470465,39.82903575698438,41.793399071779206,0.3687813783492112
KERO_TRDS_A0_000082,CHTA_MXTR_A0_00311,POSF 12360 (F-24),,44.689466928281725,42.826847745721594,40.51719285762624,42.71508881933779,0.5100925146968001
KERO_TRDS_A0_000083,CHTA_MXTR_A0_00312,POSF 8451 (JP-8),,51.46571752720988,49.46349194629435,47.572656253265215,49.49133941826595,0.34114021570597414
KERO_TRDS_A0_000084,CHTA_MXTR_A0_00313,POSF 5237 (Jet A-1),,51.46571752720988,49.46349194629435,47.572656253265215,49.49133941826595,0.34114021570597414
KERO_TRDS_A0_000085,CHTA_MXTR_A0_00314,POSF 11714 (SPK-HEFA),59.77,63.79495390694367,62.02950170167161,59.42834588171204,61.82057579799973,0.6276844330630056
KERO_TRDS_A0_000086,CHTA_MXTR_A0_00315,POSF 7629 (SPK-FT),31.3,31.932256753916533,29.725988891128335,28.447280043717193,29.957878644972602,0.09420731707221335
KERO_TRDS_A0_000087,CHTA_MXTR_A0_00316,POSF 12376 (IPK-A),,45.26882930712316,43.054338612580835,41.80029826043208,43.294451198179225,0.08425600864050424
KERO_TRDS_A0_000088,CHTA_MXTR_A0_00317,POSF 8076 (HDCJ),,30.031788434918298,27.97303278774304,26.25178729349307,28.05741032597436,0.272727272107438
KERO_TRDS_A0_000089,CHTA_MXTR_A0_00318,POSF 12398 (SIP),,74.75546117162978,73.29765577353815,69.7735595320373,72.78108306268584,0.9999999999899376
KERO_TRDS_A0_000090,CHTA_MXTR_A0_00319,POSF 7675 (SK),,39.35024610119628,37.21423875331065,35.724748361191786,37.37586799225234,0.17923691214026297
KERO_TRDS_A0_000091,CHTA_MXTR_A0_00321,POSF 4877 (Jet A-1),,50.74743838651918,48.74425388335189,46.85629495707801,48.77306027757524,0.3399797236304296
KERO_TRDS_A0_000092,CHTA_MXTR_A0_00322,POSF 4909 (FT SPK),,58.156084035616225,56.28147040262334,54.007798865826246,56.181705926672294,0.4955767761660627
KERO_TRDS_A0_000093,CHTA_MXTR_A0_00324,POSF 5018 (FT),,59.970971626603195,58.10141271721142,55.81257700961101,57.99659351765926,0.5016940256849235
KERO_TRDS_A0_000094,CHTA_MXTR_A0_00325,POSF 5171 (FT/JP-8 blend),51.7,55.92252015629406,54.05128648580989,51.767475061486664,53.948142047350125,0.4996672221848448
KERO_TRDS_A0_000095,CHTA_MXTR_A0_00326,POSF 5172 (FT),59.1,58.90784305522893,56.63389720754847,55.5582223148141,56.933464946285,0.012303111582264492
KERO_TRDS_A0_000096,CHTA_MXTR_A0_00327,POSF 5225 (FT/JP-8 blend),,53.7268645287608,51.593599241279655,50.09588266794736,51.75248641981687,0.18255536612779924
KERO_TRDS_A0_000097,CHTA_MXTR_A0_00190,POSF 5642 (FT),31.28,33.439253801602504,31.26943371057639,29.88138154787899,31.464875692658566,0.1383165764244999
KERO_TRDS_A0_000098,CHTA_MXTR_A0_00328,POSF 5698 (FT),,64.04116763936305,62.21699048937453,59.792009503564344,62.066789530419115,0.5566152375616877
KERO_TRDS_A0_000099,CHTA_MXTR_A0_00193,POSF 6308 (HRJ Tallow),65.85,60.167484093717675,58.29838216344362,56.00817551849004,58.193105984773744,0.5022470638940582
KERO_TRDS_A0_000100,CHTA_MXTR_A0_00329,POSF 7674 (HDO),,37.069445871506865,34.90273374784554,33.50535768305378,35.09506776256293,0.14207785268156792
KERO_TRDS_A0_000101,CHTA_MXTR_A0_00330,POSF 7695 (ATJ),15.1,21.51168717372179,19.34968534845632,17.938178388476985,19.53730906477785,0.14777827724869527
KERO_TRDS_A0_000102,CHTA_MXTR_A0_00331,POSF 7720 (HEFA),58.9,61.911455345342446,60.122940045365986,57.59097350951962,59.93707723639851,0.5997733708333799
KERO_TRDS_A0_000103,CHTA_MXTR_A0_00335,POSF 8319 (ATJ),,57.32878761993568,55.31794104908518,53.45296832586095,55.35440951099175,0.3307070544307912
KERO_TRDS_A0_000104,CHTA_MXTR_A0_00336,POSF 9324 (ATJ),,56.421579438132824,54.51464245669656,52.33794096522961,54.44720132918889,0.4564589126947329
KERO_TRDS_A0_000105,CHTA_MXTR_A0_00337,POSF 9342,,55.949527376012256,54.04254972088868,51.86597025048368,53.975149267068325,0.45640968921313413
KERO_TRDS_A0_000106,CHTA_MXTR_A0_00338,POSF 9968 (SIP/Jet A blend),,52.47218591202418,50.567935924023644,48.383173452249515,50.49780780308024,0.45971072438593835
KERO_TRDS_A0_000107,CHTA_MXTR_A0_00339,POSF 9969 (SIP/Jet A blend),,54.99592638906644,53.20529125575292,50.67968421991775,53.02154828012251,0.5972079388761479
KERO_TRDS_A0_000108,CHTA_MXTR_A0_00340,POSF 9970 (SIP/Jet A blend),,52.14459674891483,50.24020152792068,48.055874755127384,50.17021863997089,0.45953496275574884
KERO_TRDS_A0_000109,CHTA_MXTR_A0_00341,POSF 9971 (SIP/Jet A blend),,54.717370617872334,52.92615212166268,50.4022951745159,52.7429925089284,0.5965019504428973
KERO_TRDS_A0_000110,CHTA_MXTR_A0_00342,POSF 11721 (Jet A),,42.97371222210426,41.14183075721446,38.73996271610813,40.99933411316032,0.5472914405863656
KERO_TRDS_A0_000111,CHTA_MXTR_A0_00343,POSF 11729 (Biojet),,57.986275569587676,56.07767204127059,53.90597019044611,56.01189746064374,0.454442050070896
KERO_TRDS_A0_000112,CHTA_MXTR_A0_00344,POSF 11757 (Jet A),,45.50841325916642,43.533964312810774,41.55979871610197,43.53403515022248,0.37475562533192996
KERO_TRDS_A0_000113,CHTA_MXTR_A0_00345,POSF 11760 (Jet A),,45.0849567391641,43.12953538392568,41.098287013865196,43.11057863022016,0.39778290274459605
KERO_TRDS_A0_000114,CHTA_MXTR_A0_00346,POSF 11764 (Jet A),,50.528879190562236,48.24545305746744,47.19821902097608,48.5545010816183,0.0008300270051204172
KERO_TRDS_A0_000115,CHTA_MXTR_A0_00348,POSF 11785 (Biojet),,51.088553472765085,49.26631087197413,46.83552623857126,49.11417536382115,0.5589564378095901
KERO_TRDS_A0_000116,CHTA_MXTR_A0_00349,POSF 12346 (HDCJ),,29.33619527975945,27.270939487903604,25.569194427695408,27.361817170815517,0.2648607674164208
KERO_TRDS_A0_000117,CHTA_MXTR_A0_00350,POSF 12355 (HDCJ/Jet A Blend),,39.642298668183436,37.80800183744361,35.41337989388735,37.667920559239505,0.5443683538362425
KERO_TRDS_A0_000118,CHTA_MXTR_A0_00351,POSF 12356 (HDCJ/Jet A Blend),,36.79642419806119,34.967544663568404,32.55667083127102,34.82204608911725,0.5509243904222022
KERO_TRDS_A0_000119,CHTA_MXTR_A0_00355,POSF 12382 (ATJ/Jet A blend),,48.87406544538013,46.89579800360622,44.933087893152226,46.899687336436195,0.37013446478913
KERO_TRDS_A0_000120,CHTA_MXTR_A0_00358,POSF 12685,,47.36514680245098,45.46207924032148,43.27376949093425,45.39076869350705,0.4611417015592677
KERO_TRDS_A0_000121,CHTA_MXTR_A0_00357,POSF 12816 (Biojet),,45.95880471513374,43.67503773844396,42.628826232737545,43.9844266061898,0.00041753653443804724
KERO_TRDS_A0_000122,CHTA_MXTR_A0_00468,POSF 12553 (JP-5),,51.65682231790645,49.766608809854915,47.5397368982338,49.68244420896252,0.47669773633566415
KERO_TRDS_A0_000123,CHTA_MXTR_A0_00310,POSF 11235 (Jet A/HRJ blend),,56.909465660233586,55.03436390744399,52.76215673003704,54.935087551289655,0.4949860513654122
KERO_TRDS_A0_000124,CHTA_MXTR_A0_00320,JP-5 / Neat ATJ,,53.805798763793184,51.66977483389083,50.18033418782217,51.83142065484925,0.17921684450810307
KERO_TRDS_A0_000125,CHTA_MXTR_A0_00469,POSF 10301 (HRJ-8),,65.7161879417817,63.8756947475602,61.499661894448955,63.74180983283777,0.5368694865354345
KERO_TRDS_A0_000126,CHTA_MXTR_A0_00470,POSF 12553 (JP-5)/CHCJ,,45.604113314701735,43.65583135710916,41.60316479411115,43.6297352057578,0.406423034285012
KERO_TRDS_A0_000127,CHTA_MXTR_A0_00471,POSF 12553 (JP-5)/HRJ,,64.9908320744205,63.263359111213504,60.548265565058735,63.01645396547656,0.6736470847495465
KERO_TRDS_A0_000128,CHTA_MXTR_A0_00472,POSF 12553 (JP-5)/HDCJ,,27.780136884572116,25.73211249122418,23.978673235492245,25.805758775628178,0.2857142843542855
KERO_TRDS_A0_000129,CHTA_MXTR_A0_00347,POSF 12553 (JP-5)/Neat SIP,,59.8819590702842,58.424153672192574,54.90005743069172,57.90758096134027,0.9999999999899347
KERO_TRDS_A0_000130,CHTA_MXTR_A0_00373,POSF 3327 (JP-7),52.5,54.94211884761618,53.127558857503935,50.67372639206492,52.96774073867225,0.5682539682359284
KERO_TRDS_A0_000131,CHTA_MXTR_A0_00360,POSF 12719 (Jet A),,44.82809674182824,42.89327400151746,40.80022978667406,42.85371863288431,0.422711440326317
KERO_TRDS_A0_000132,CHTA_MXTR_A0_00361,POSF 12731 (Jet A),,44.51717380275651,42.59348164812053,40.46704567625273,42.54279569381257,0.4361817257933487
KERO_TRDS_A0_000133,CHTA_MXTR_A0_00362,POSF 12732 (JP-8),,46.56394651325163,44.572222818033396,42.649881467912365,44.5895684043077,0.353849645597439
KERO_TRDS_A0_000134,CHTA_MXTR_A0_00363,POSF 12751 (ATJ/Jet A blend),,46.38119151872653,44.34580140345267,42.55445931349852,44.40681340978259,0.30100434521001695
KERO_TRDS_A0_000135,CHTA_MXTR_A0_00364,POSF 12752 (RP-1),,34.30419262266852,32.49510655287176,30.02485232648631,32.329814513724585,0.5748785315273471
KERO_TRDS_A0_000136,CHTA_MXTR_A0_00365,POSF 12754 (Blend | ATJ / Jet A Blend),,45.48140043284959,43.380991560225326,41.78470574232237,43.50702232390566,0.2223183490000823
KERO_TRDS_A0_000137,CHTA_MXTR_A0_00366,POSF 12765,,59.89983936004114,57.621845158473405,56.55831532740087,57.925461251097204,0.007403775273601526
KERO_TRDS_A0_000138,CHTA_MXTR_A0_00367,POSF 12782 (JP-8),,47.39645519037078,45.41931225924377,43.45322861684907,45.42207708142684,0.37149535269449707
KERO_TRDS_A0_000139,CHTA_MXTR_A0_00368,POSF 12784 (Jet A),,42.55874263277248,40.62029453194674,38.53812639864822,40.58436452382854,0.4183240125229468
KERO_TRDS_A0_000140,CHTA_MXTR_A0_00369,POSF 12785,,53.93043393389659,51.70186531244324,50.49005874102754,51.95605582495266,0.06721883738860963
KERO_TRDS_A0_000141,CHTA_MXTR_A0_00370,POSF 12804 (JP-5),,48.544207353598374,46.609678244022575,44.515753136974226,46.56982924465444,0.4230667935788459
KERO_TRDS_A0_000142,CHTA_MXTR_A0_00371,POSF 12831 (Jet A),,45.40194490500747,43.61458337958379,41.07915552007907,43.42756679606353,0.6011696740508988
KERO_TRDS_A0_000143,CHTA_MXTR_A0_00372,POSF 12843 (F-24),,43.935818363195196,42.03242698899577,39.8450886758183,41.96144025425126,0.4607498227177645
KERO_TRDS_A0_000144,CHTA_MXTR_A0_00306,POSF 12918 (SAK),,12.20471474119543,9.960778904858941,8.795073978092667,10.230336632251495,0.04862136396204571
KERO_TRDS_A0_000145,CHTA_MXTR_A0_00374,POSF 12936 (JRF),,41.04295126973928,39.1746556036096,36.88203016622289,39.06857316079534,0.5032228084329271
KERO_TRDS_A0_000146,CHTA_MXTR_A0_00375,POSF 12947,,42.145327914279555,39.88085763468024,38.776756037702455,40.170949805335624,0.023770487221286333
KERO_TRDS_A0_000147,CHTA_MXTR_A0_00376,POSF 12968 (HEFA blend),,65.23151704703764,63.42870472166442,60.93962926200837,63.25713893809371,0.5824710455963539
KERO_TRDS_A0_000148,CHTA_MXTR_A0_00377,POSF 12973 (RP-2/JP-8 blend),,32.70427716589705,30.90772181826565,28.39987542538411,30.729899056953112,0.5900432685508169
KERO_TRDS_A0_000149,CHTA_MXTR_A0_00378,POSF 12976 (HEFA/F-24 blend),,51.657696257598204,49.84438142546536,47.38681348608815,49.683318148654266,0.5697608640924503
KERO_TRDS_A0_000150,CHTA_MXTR_A0_00379,POSF 13197,,55.40721269592122,53.15858300308627,52.006959645815364,53.43283458697728,0.04294083745402486
KERO_TRDS_A0_000151,CHTA_MXTR_A0_00380,POSF 13208 ( Jet A),,46.84360754326615,44.83067722876221,42.971955736498295,44.86922943432222,0.32818529837302374
KERO_TRDS_A0_000152,CHTA_MXTR_A0_00381,POSF 13219,,49.08904219240261,46.82236418182157,45.72488577778895,47.11466408345868,0.021098681134250664
KERO_TRDS_A0_000153,CHTA_MXTR_A0_00382,POSF 13313,,59.788726281209634,57.741276919016556,55.98611256982005,57.8143481722657,0.2864101896763109
KERO_TRDS_A0_000154,CHTA_MXTR_A0_00383,POSF 13317 (Jet A),,45.91007771391347,44.00442456017178,41.82387158562113,43.93569960496954,0.458012606816637
KERO_TRDS_A0_000155,CHTA_MXTR_A0_00385,POSF 13374 (Biojet),,55.760350255215805,53.82791141747049,51.727715494930706,53.785972146271874,0.42559645006619395
KERO_TRDS_A0_000156,CHTA_MXTR_A0_00386,POSF 13718 (ATJ),17.1,20.74255225141544,18.65652053029449,17.017103257881605,18.768174142471505,0.2397176432160956
KERO_TRDS_A0_000157,CHTA_MXTR_A0_00387,POSF 13784 (HC-HEFA),,42.70372242032996,40.74845984888566,38.716735127442824,40.72934431138603,0.3979750636152627
KERO_TRDS_A0_000158,CHTA_MXTR_A0_00388,POSF 13785 (HC-HEFA),,46.385659213376606,44.44767188787774,42.36412142859861,44.411281104432675,0.41888164492167496
KERO_TRDS_A0_000159,CHTA_MXTR_A0_00389,POSF 13786 (HC-HEFA),,45.31054354081009,43.35151808917434,41.331082008305835,43.33616543186615,0.3934212088732119
KERO_TRDS_A0_000160,CHTA_MXTR_A0_00390,POSF 6152 (HEFA-C),53.94,56.43741891460359,54.39779456936119,52.619155169312656,54.46304080565965,0.29588006082142326
KERO_TRDS_A0_000161,CHTA_MXTR_A0_00391,POSF 5469 (HEFA-F),66.27,63.27939875980848,61.44230310035568,59.056077642938334,61.30502065086454,0.5409811985832722
KERO_TRDS_A0_000162,CHTA_MXTR_A0_00392,POSF 8457 (HA JP-8),,45.67825065692801,43.70363216185802,41.72997521129225,43.70387254798407,0.3745504367057868
KERO_TRDS_A0_000163,CHTA_MXTR_A0_00393,POSF 9818 (HDCJ),,30.11962651175836,27.919382578476466,26.62260194254641,28.145248402814424,0.10149750399085275
KERO_TRDS_A0_000164,CHTA_MXTR_A0_00394,POSF 10136,,52.94352356629892,50.99713697833556,48.9387843064499,50.96914545735498,0.4087168192409044
KERO_TRDS_A0_000165,CHTA_MXTR_A0_00395,POSF 10326 (SAK),,12.50606993368399,10.258499319422853,9.103698726430526,10.531691824740054,0.04422253916658698
KERO_TRDS_A0_000166,CHTA_MXTR_A0_00396,POSF 4734 (SPK),59.7,62.860872177890954,60.97694361875968,58.73121686037777,60.88649406894702,0.4843038101376319
KERO_TRDS_A0_000167,CHTA_MXTR_A0_00397,POSF 9326 (Jet A),,52.803669004150734,50.771934501750074,48.96962557317632,50.8292908952068,0.30542838455508736
KERO_TRDS_A0_000168,CHTA_MXTR_A0_00398,POSF 7635 (Mixed fats),,66.1816170197875,64.39241073057414,61.862517162438465,64.20723891084356,0.5989371325124498
KERO_TRDS_A0_000169,CHTA_MXTR_A0_00399,DSZ-HM,,49.1532791664517,47.25630424048212,45.04971658261512,47.17890105750777,0.46851503758297663
KERO_TRDS_A0_000170,CHTA_MXTR_A0_00400,RP3-BH,,45.74398898628389,43.82974461089279,41.67496530129036,43.76961087733996,0.4476154712561917
KERO_TRDS_A0_000171,CHTA_MXTR_A0_00401,M190-2,,59.35415769422784,57.39836974258124,55.36822116174529,57.3797795852839,0.3973392461021136
KERO_TRDS_A0_000172,CHTA_MXTR_A0_00402,MY-1#,,50.48320410554108,48.309247449518736,46.93360498181003,48.508825996597146,0.13331048663011275
KERO_TRDS_A0_000173,CHTA_MXTR_A0_00403,MY-2#,,40.80431536317333,39.07385513322954,36.36772338728517,38.82993725422939,0.6700318809420811
KERO_TRDS_A0_000174,CHTA_MXTR_A0_00404,TD-06,,46.4257222164172,44.52096289001178,42.337728433452284,44.45134410747326,0.4590943207290695
KERO_TRDS_A0_000175,CHTA_MXTR_A0_00405,MT1112,,49.949116257201155,47.97377969995403,46.002276935919674,47.97473814825722,0.37368143458930164
KERO_TRDS_A0_000176,CHTA_MXTR_A0_00406,RP3,,51.259393992133695,49.28376979651272,47.313129947599904,49.28501588318976,0.3733333333195062
KERO_TRDS_A0_000177,CHTA_MXTR_A0_00407,HWY,,52.582908851316155,50.30986476784637,49.23148458247999,50.608530742372224,0.013394430736221557
KERO_TRDS_A0_000178,CHTA_MXTR_A0_00408,Jet fuel 8220,,45.95449268619195,44.063488117084965,41.83898938863018,43.98011457724802,0.4757403906442507
KERO_TRDS_A0_000179,CHTA_MXTR_A0_00409,FT-iso,,71.93001743931376,70.19231555310996,67.5079087759456,69.95563933036982,0.6612679955611673
KERO_TRDS_A0_000180,CHTA_MXTR_A0_00410,D40,,53.85411197479412,51.57860734524457,50.507608798117474,51.879733865850184,0.010416666666337858
KERO_TRDS_A0_000181,CHTA_MXTR_A0_00411,M180,,55.08914749285899,53.1278715667354,51.11418690933043,53.11476938391506,0.3906976744004327
KERO_TRDS_A0_000182,CHTA_MXTR_A0_00412,Jet fuel 851-2,,44.52184273513546,42.650884041115084,40.36624768740046,42.54746462619152,0.4999999999534451
KERO_TRDS_A0_000183,CHTA_MXTR_A0_00413,D70,,53.61833666652056,51.48049203474568,49.99651349429459,51.64395855757663,0.17701342281136695
KERO_TRDS_A0_000184,CHTA_MXTR_A0_00414,MD140-2,,47.71340505644427,45.76718323322392,43.70833626710925,45.739026947500335,0.4089162182831434
KERO_TRDS_A0_000185,CHTA_MXTR_A0_00415,M150,,52.28856712759666,50.02857611909312,48.91103670882801,50.314189018652726,0.02919132149786228
KERO_TRDS_A0_000186,CHTA_MXTR_A0_00416,ZSM-5,,43.598794709727315,41.314682719846815,40.269506253712564,41.62441660078338,0.0
KERO_TRDS_A0_000187,CHTA_MXTR_A0_00417,Pt/TiO2,,43.82805802045051,41.54394603057001,40.49876956443576,41.853679911506575,0.0
KERO_TRDS_A0_000188,CHTA_MXTR_A0_00451,High aromatic? JP-5,,59.09418720970593,57.20199411408228,54.98106096517748,57.11980910076199,0.47430203044180513
KERO_TRDS_A0_000189,CHTA_MXTR_A0_00424,POSF 9326 (Jet A) + HEFA Tallow 10,,57.89698945831843,55.90551824543675,53.98241944830604,55.9226113493745,0.3541552008708268
KERO_TRDS_A0_000190,CHTA_MXTR_A0_00425,POSF 9326 (Jet A) + HEFA Tallow 20,,58.85028905640111,56.88835180187413,54.87665112967932,56.87591094745717,0.3898973317552782
KERO_TRDS_A0_000191,CHTA_MXTR_A0_00426,POSF 9326 (Jet A) + HEFA Tallow 30,,59.689332296964565,57.74990762934299,55.670669196431966,57.71495418802063,0.4171421669398092
KERO_TRDS_A0_000192,CHTA_MXTR_A0_00427,POSF 9326 (Jet A) + HEFA Tallow 40,,60.45120067882953,58.52952528248649,56.397039035739866,58.4768225698856,0.43862241586282336
KERO_TRDS_A0_000193,CHTA_MXTR_A0_00428,POSF 9326 (Jet A) + HEFA Tallow 50,,61.158348641723705,59.25102563783648,57.07548221372242,59.18397053277977,0.4559917465668155
KERO_TRDS_A0_000194,CHTA_MXTR_A0_00429,POSF 9326 (Jet A) + HEFA Tallow 60,,61.823378989229234,59.927900679763965,57.716823172384025,59.8490008802853,0.47032624969137227
KERO_TRDS_A0_000195,CHTA_MXTR_A0_00430,POSF 9326 (Jet A) + HEFA mixed fat 10,,58.23432212402248,56.25998003732464,54.285493861642436,56.25994401507855,0.37488494737638905
KERO_TRDS_A0_000196,CHTA_MXTR_A0_00431,POSF 9326 (Jet A) + HEFA mixed fat 20,,59.43602545543781,57.50394711851363,55.402669693510425,57.461647346493876,0.4260327298014875
KERO_TRDS_A0_000197,CHTA_MXTR_A0_00432,POSF 9326 (Jet A) + HEFA mixed fat 30,,60.46058002516317,58.56091965717461,56.362388325364535,58.48620191621923,0.46526510342338323
KERO_TRDS_A0_000198,CHTA_MXTR_A0_00433,POSF 9326 (Jet A) + HEFA mixed fat 40,,61.35365694409647,59.479651677376395,57.20415504176089,59.37927883515253,0.49631302379961806
KERO_TRDS_A0_000199,CHTA_MXTR_A0_00434,POSF 9326 (Jet A) + HEFA mixed fat 50,,62.14106567603368,60.28786828839161,57.94994801554209,60.16668756708975,0.5214948138090004
KERO_TRDS_A0_000200,CHTA_MXTR_A0_00435,POSF 9326 (Jet A) + HEFA mixed fat 60,,62.83839067949634,61.00241069885213,58.61283820500901,60.864012570552404,0.542331398157697
KERO_TRDS_A0_000201,CHTA_MXTR_A0_00436,POSF 9326 (Jet A) + FT-IPK 10,,56.09592469749899,54.038899438885274,52.312462778950675,54.121546588555056,0.27482139622398466
KERO_TRDS_A0_000202,CHTA_MXTR_A0_00437,POSF 9326 (Jet A) + FT-IPK 20,,55.538063042533295,53.46311390731161,51.79044887720094,53.563684933589364,0.2531298391362051
KERO_TRDS_A0_000203,CHTA_MXTR_A0_00438,POSF 9326 (Jet A) + FT-IPK 30,,55.05099857394004,52.96268297990959,51.330117326225206,53.076620464996104,0.23695368982134768
KERO_TRDS_A0_000204,CHTA_MXTR_A0_00439,POSF 9326 (Jet A) + FT-IPK 40,,54.609154268615285,52.51048464435712,50.90898108135587,52.63477615967135,0.22442319529244545
KERO_TRDS_A0_000205,CHTA_MXTR_A0_00440,POSF 9326 (Jet A) + FT-IPK 50,,54.19513309125561,52.088210272285195,50.5114662934207,52.220754982311675,0.2144351414705557
KERO_TRDS_A0_000206,CHTA_MXTR_A0_00441,POSF 9326 (Jet A) + FT-IPK 60,,53.79660943343937,51.682953407414445,50.126409049713494,51.82223132449544,0.20628658363336155
KERO_TRDS_A0_000207,CHTA_MXTR_A0_00418,POSF 9326 (Jet A) + HEFA Camelina 10,,57.97051655455137,55.98226919073799,54.04949884640239,55.996138445607436,0.35805671769315106
KERO_TRDS_A0_000208,CHTA_MXTR_A0_00419,POSF 9326 (Jet A) + HEFA Camelina 20,,58.98790001912693,57.03165933059179,55.00286896042148,57.013521910183,0.39679134185804693
KERO_TRDS_A0_000209,CHTA_MXTR_A0_00420,POSF 9326 (Jet A) + HEFA Camelina 30,,59.89150321007574,57.95980259434688,55.85739200575772,57.9171251011318,0.4264898497120266
KERO_TRDS_A0_000210,CHTA_MXTR_A0_00421,POSF 9326 (Jet A) + HEFA Camelina 40,,60.71890367379461,58.80661738133829,56.64596382293149,58.74452556485067,0.44998515214005197
KERO_TRDS_A0_000211,CHTA_MXTR_A0_00422,POSF 9326 (Jet A) + HEFA Camelina 50,,61.4952795016714,59.59873441462062,57.39085723999721,59.52090139272747,0.46903523059979146
KERO_TRDS_A0_000212,CHTA_MXTR_A0_00423,POSF 9326 (Jet A) + HEFA Camelina 60,,62.238658386090606,60.355134961501896,58.10819279949228,60.264280277146675,0.4847941058058413
KERO_TRDS_A0_000213,CHTA_MXTR_A0_00442,POSF 9326 (Jet A) + SIP 5,,58.57564370942762,56.62566311169145,54.5780924691242,56.601265600483686,0.4043673322484461
KERO_TRDS_A0_000214,CHTA_MXTR_A0_00443,POSF 9326 (Jet A) + SIP 10,,60.143440037962264,58.260713755116996,56.01138016787706,58.169061929018326,0.4857588103735578
KERO_TRDS_A0_000215,CHTA_MXTR_A0_00444,POSF 9326 (Jet A) + SIP 15,,61.53335851273952,59.70692802532509,57.28870705179263,59.55898040379559,0.5538882383482272
KERO_TRDS_A0_000216,CHTA_MXTR_A0_00445,POSF 9326 (Jet A) + ATJ 10,,55.94905019881923,53.88520481369194,52.17922853329807,53.9746720898753,0.2665676480616426
KERO_TRDS_A0_000217,CHTA_MXTR_A0_00446,POSF 9326 (Jet A) + ATJ 20,,55.29373473339402,53.20789381225238,51.56790413990155,53.31935662445008,0.23994855021987488
KERO_TRDS_A0_000218,CHTA_MXTR_A0_00447,POSF 9326 (Jet A) + ATJ 30,,54.73687293322508,52.63501997295599,51.04306641798752,52.76249482428114,0.22057070755662292
KERO_TRDS_A0_000219,CHTA_MXTR_A0_00448,POSF 9326 (Jet A) + ATJ 40,,54.243147938200394,52.12911528862101,50.573700801583435,52.26876982925646,0.20583079209279065
KERO_TRDS_A0_000220,CHTA_MXTR_A0_00449,POSF 9326 (Jet A) + ATJ 50,,53.79278614913542,51.66917953810259,50.142486935425325,51.81840804019148,0.19424434034657723
KERO_TRDS_A0_000221,CHTA_MXTR_A0_00450,POSF 9326 (Jet A) + ATJ 60,,53.373920811538625,51.2425881348907,49.73907372905874,51.399542702594694,0.18489422055835708
KERO_TRDS_A0_000222,CHTA_MXTR_A0_00491,F-24,,54.662113071171355,52.744195959569325,50.60043485859966,52.68773496222742,0.44317070916983764
KERO_TRDS_A0_000223,CHTA_MXTR_A0_00452,POSF 7673 (RP-2),,33.502152374141126,31.701732047736918,29.205480591173803,31.527774265197188,0.5853658536406902
KERO_TRDS_A0_000224,CHTA_MXTR_A0_00453,Norpar-13,,88.96139280173315,87.50358740158407,83.97949116625557,86.98701469278922,0.9999999974999999
KERO_TRDS_A0_000225,CHTA_MXTR_A0_00454,Exxsol-D80,,55.54062545958773,53.89370059504953,50.9369627528884,53.5662473506438,0.771126760536228
KERO_TRDS_A0_000226,CHTA_MXTR_A0_00467,Isopar-M,,58.675771019910286,57.12171452431291,53.886371575329306,56.70139291096635,0.8835164835067746
KERO_TRDS_A0_000227,CHTA_MXTR_A0_00492,POSF 9679,,53.310394987873906,51.59307345190263,48.8475256240407,51.33601687892997,0.6859323882149844
KERO_TRDS_A0_000228,CHTA_MXTR_A0_00455,Sasol FSFJ,,29.555757253585654,27.378290397832203,26.01317852931681,27.581379144641716,0.12906242693174977
KERO_TRDS_A0_000229,CHTA_MXTR_A0_00456,Merox kerosene,,46.99078086291724,45.03812986726362,42.998570418448736,45.0164027539733,0.4011356045290202
KERO_TRDS_A0_000230,CHTA_MXTR_A0_00457,POSF 5109 (FT),,64.43745452938148,62.573800660407336,60.26724983155403,62.46307642043755,0.5088403324870868
KERO_TRDS_A0_000231,CHTA_MXTR_A0_00458,Kerosene (Sample 011),,39.87527275371526,38.03495806508169,35.65838969520666,37.90089464477133,0.5370855148107728
KERO_TRDS_A0_000232,CHTA_MXTR_A0_00459,Kerosene (Sample 016),,41.06250764856684,39.1999138540432,36.89018280183837,39.088129539622905,0.5101232394141672
KERO_TRDS_A0_000233,CHTA_MXTR_A0_00460,Kerosene (Sample 043),,54.019330328872,51.90623849948416,50.34800155187194,52.044952219928064,0.20696937697265155
KERO_TRDS_A0_000234,CHTA_MXTR_A0_00461,Kerosene (Sample 049),,50.07495121922168,47.99370869803355,46.33992382582221,48.10057311027775,0.24551355478253095
KERO_TRDS_A0_000235,CHTA_MXTR_A0_00462,Kerosene (Sample 086),,51.10408235019856,49.11611953853345,47.182495537753056,49.12970424125463,0.3584010839986992
KERO_TRDS_A0_000236,CHTA_MXTR_A0_00463,Kerosene (Sample 087),,51.509657756751615,49.296197710201206,48.039065414076696,49.535279647807684,0.08550330353340446
KERO_TRDS_A0_000237,CHTA_MXTR_A0_00464,Kerosene (Sample 104),,15.650287534046132,13.366175544165635,12.320999078031388,13.675909425102198,0.0
KERO_TRDS_A0_000238,CHTA_MXTR_A0_00465,Kerosene (Sample 123),,49.161268017183,47.47062622774186,44.64503916028954,47.18688990823907,0.7182203389526177
KERO_TRDS_A0_000239,CHTA_MXTR_A0_00466,Kerosene (Sample 128),,51.617870927497364,49.627243558809916,47.70161322909652,49.64349281855343,0.355176424957147
